{"cameraMode":{"drawMode":0,"name":"Shaded","section":"Shading Mode"},"sceneLighting":true,"audioPlay":false,"sceneViewState":{"showFog":true,"showMaterialUpdate":false,"showSkybox":true,"showFlares":true,"showImageEffects":true,"showParticleSystems":true},"in2DMode":false,"pivot":{"x":0.1116189956665039,"y":1.682063102722168,"z":-0.8533458709716797},"rotation":{"x":0.08356975018978119,"y":-0.023319413885474206,"z":-0.0019533932209014894,"w":-0.9962325692176819},"size":12.579927444458008,"orthographic":false}